<?xml version="1.0" encoding="UTF-8"?>
<beans xmlns="http://www.springframework.org/schema/beans"
	xmlns:context="http://www.springframework.org/schema/context"
	xmlns:xsi="http://www.w3.org/2001/XMLSchema-instance" xmlns:tx="http://www.springframework.org/schema/tx"
	xsi:schemaLocation="http://www.springframework.org/schema/beans 
                                 http://www.springframework.org/schema/beans/spring-beans-4.0.xsd
                                 http://www.springframework.org/schema/context 
                                 http://www.springframework.org/schema/context/spring-context-4.0.xsd
                             http://www.springframework.org/schema/tx 
                             http://www.springframework.org/schema/tx/spring-tx-4.0.xsd">

	<bean id="sessionFactory"
		class="org.springframework.orm.hibernate4.LocalSessionFactoryBean">
		<property name="dataSource" ref="dataSource" />
		<property name="packagesToScan" value="com.niit.model" />
		<property name="hibernateProperties">
			<props>
				<prop key="hibernate.hbm2ddl.auto">${hibernate.hbm2ddl.auto}</prop>
				<prop key="hibernate.dialect">${hibernate.dialect}</prop>
                <prop key="hibernate.current_session_context_class">${hibernate.current_session_context_class}</prop>
				<prop key="hibernate.show_sql">${hibernate.show_sql}</prop>
			</props>
		</property>
        <property name="annotatedClasses">
            <list>
                <value>com.niit.model.Employee</value>

            </list>
        </property>
    </bean>

    <bean id="dataSource" class="org.apache.commons.dbcp.BasicDataSource">
        <property name="driverClassName" value="${jdbc.driver}" />
        <property name="url" value="${jdbc.url}" />
        <property name="username" value="${jdbc.username}" />
        <property name="password" value="${jdbc.password}" />
    </bean>

	<bean id="transactionManager"
		class="org.springframework.orm.hibernate4.HibernateTransactionManager">
		<property name="sessionFactory" ref="sessionFactory" />
	</bean>
	
	<bean id="persistenceExceptionTranslationPostProcessor"
    class="org.springframework.dao.annotation.PersistenceExceptionTranslationPostProcessor"/>

    <context:property-placeholder location="classpath:datasource.properties" />
    <context:annotation-config/>
    <tx:annotation-driven transaction-manager="transactionManager" />
    <tx:annotation-driven />
</beans>
